,p_inf,p_hcw,c_hcw,d,q,p_s,lambda,T_lat,juvp_s,T_inf,T_rec,T_sym,T_hos,inf_asym
mean,0.4998855402937501,0.49989013890624995,40.499477377699996,0.5000991957812501,0.50009730898125,0.49992933076875,0.0004999329375,7.0508893268125,0.5000114276749998,10.544481556400001,14.5080577078375,7.04771434340625,18.00173946125,0.5000285481937501
min,0.00339079,0.000787332,1.104307733,0.005229996,0.00533807,0.00353412,0.00000549,0.14114412,0.005312116,0.15348893,1.115122433,0.107847943,1.081391147,0.004498987
max,0.999432206,0.993921361,79.6621509,0.998227282,0.995931658,0.99382845,0.000995273,13.9891328,0.998148193,20.88408934,27.84222497,13.9667975,34.82407323,0.996047972
